{"cameraMode":{"drawMode":0,"name":"Shaded","section":"Shading Mode"},"sceneLighting":false,"audioPlay":false,"sceneViewState":{"showFog":false,"showMaterialUpdate":false,"showSkybox":false,"showFlares":false,"showImageEffects":false,"showParticleSystems":false},"in2DMode":false,"pivot":{"x":1202.4434814453125,"y":8.34000015258789,"z":1271.5814208984375},"rotation":{"x":0.037912774831056598,"y":0.6304398775100708,"z":-0.030850892886519433,"w":0.7746976613998413},"size":3.641594648361206,"orthographic":false}